<?xml version="1.0" encoding="UTF-8"?>
<export version="D">
  <design>
    <source>C:\Users\Matthias\Documents\nogasm\KiCad\nogasm\nogasm.sch</source>
    <date>08.08.2021 14:55:40</date>
    <tool>Eeschema (5.1.9)-1</tool>
    <sheet number="1" name="/" tstamps="/">
      <title_block>
        <title/>
        <company/>
        <rev/>
        <date/>
        <source>nogasm.sch</source>
        <comment number="1" value=""/>
        <comment number="2" value=""/>
        <comment number="3" value=""/>
        <comment number="4" value=""/>
      </title_block>
    </sheet>
    <sheet number="2" name="/LEDS/" tstamps="/610F364F/">
      <title_block>
        <title/>
        <company/>
        <rev/>
        <date/>
        <source>leds.sch</source>
        <comment number="1" value=""/>
        <comment number="2" value=""/>
        <comment number="3" value=""/>
        <comment number="4" value=""/>
      </title_block>
    </sheet>
  </design>
  <components>
    <comp ref="J1">
      <value>Barrel_Jack</value>
      <footprint>Connector_BarrelJack:BarrelJack_CUI_PJ-102AH_Horizontal</footprint>
      <datasheet>~</datasheet>
      <fields>
        <field name="LCSC">C718033</field>
      </fields>
      <libsource lib="Connector" part="Barrel_Jack" description="DC Barrel Jack"/>
      <sheetpath names="/" tstamps="/"/>
      <tstamp>610C5800</tstamp>
    </comp>
    <comp ref="C2">
      <value>10uf</value>
      <footprint>Capacitor_SMD:CP_Elec_4x4.5</footprint>
      <datasheet>~</datasheet>
      <fields>
        <field name="LCSC">C249787</field>
      </fields>
      <libsource lib="Device" part="CP" description="Polarized capacitor"/>
      <sheetpath names="/" tstamps="/"/>
      <tstamp>610D0B48</tstamp>
    </comp>
    <comp ref="U2">
      <value>LD29150DT50R</value>
      <footprint>Package_TO_SOT_SMD:TO-252-2</footprint>
      <fields>
        <field name="LCSC">C157411</field>
      </fields>
      <libsource lib="Regulator_Linear" part="L7805" description="Positive 1.5A 35V Linear Regulator, Fixed Output 5V, TO-220/TO-263/TO-252"/>
      <sheetpath names="/" tstamps="/"/>
      <tstamp>610CFD1C</tstamp>
    </comp>
    <comp ref="U4">
      <value>MCP6001R</value>
      <footprint>Package_TO_SOT_SMD:SOT-23-5</footprint>
      <datasheet>http://ww1.microchip.com/downloads/en/DeviceDoc/21733j.pdf</datasheet>
      <fields>
        <field name="LCSC">C154973</field>
      </fields>
      <libsource lib="Amplifier_Operational" part="MCP6001R" description="1MHz, Low-Power Op Amp, SOT-23-5"/>
      <sheetpath names="/" tstamps="/"/>
      <tstamp>610DEB0A</tstamp>
    </comp>
    <comp ref="RV1">
      <value>R_POT</value>
      <footprint>Potentiometer_SMD:Potentiometer_Bourns_3314G_Vertical</footprint>
      <datasheet>~</datasheet>
      <fields>
        <field name="LCSC">C780220</field>
      </fields>
      <libsource lib="Device" part="R_POT" description="Potentiometer"/>
      <sheetpath names="/" tstamps="/"/>
      <tstamp>610E23F3</tstamp>
    </comp>
    <comp ref="R1">
      <value>750</value>
      <footprint>Resistor_SMD:R_0603_1608Metric</footprint>
      <datasheet>~</datasheet>
      <fields>
        <field name="LCSC">C724881</field>
      </fields>
      <libsource lib="Device" part="R" description="Resistor"/>
      <sheetpath names="/" tstamps="/"/>
      <tstamp>610E892D</tstamp>
    </comp>
    <comp ref="SW2">
      <value>Rotary_Encoder_Switch</value>
      <footprint>Rotary_Encoder:RotaryEncoder_Alps_EC11E-Switch_Vertical_H20mm</footprint>
      <datasheet>~</datasheet>
      <fields>
        <field name="LCSC">C470754</field>
      </fields>
      <libsource lib="Device" part="Rotary_Encoder_Switch" description="Rotary encoder, dual channel, incremental quadrate outputs, with switch"/>
      <sheetpath names="/" tstamps="/"/>
      <tstamp>610ED511</tstamp>
    </comp>
    <comp ref="R4">
      <value>10k</value>
      <footprint>Resistor_SMD:R_0603_1608Metric</footprint>
      <datasheet>~</datasheet>
      <fields>
        <field name="LCSC">C98220</field>
      </fields>
      <libsource lib="Device" part="R" description="Resistor"/>
      <sheetpath names="/" tstamps="/"/>
      <tstamp>611895A0</tstamp>
    </comp>
    <comp ref="SW4">
      <value>SW_DIP_x01</value>
      <footprint>Button_Switch_SMD:SW_DIP_SPSTx01_Slide_6.7x4.1mm_W6.73mm_P2.54mm_LowProfile_JPin</footprint>
      <datasheet>~</datasheet>
      <fields>
        <field name="LCSC">C54948</field>
      </fields>
      <libsource lib="Switch" part="SW_DIP_x01" description="1x DIP Switch, Single Pole Single Throw (SPST) switch, small symbol"/>
      <sheetpath names="/" tstamps="/"/>
      <tstamp>6118BC7A</tstamp>
    </comp>
    <comp ref="SW1">
      <value>SW_Push</value>
      <footprint>Button_Switch_SMD:SW_Push_1P1T_NO_CK_KMR2</footprint>
      <datasheet>~</datasheet>
      <fields>
        <field name="LCSC">C72443</field>
      </fields>
      <libsource lib="Switch" part="SW_Push" description="Push button switch, generic, two pins"/>
      <sheetpath names="/" tstamps="/"/>
      <tstamp>61192F6A</tstamp>
    </comp>
    <comp ref="SW3">
      <value>SW_DIP_x04</value>
      <footprint>Button_Switch_SMD:SW_DIP_SPSTx04_Slide_6.7x11.72mm_W6.73mm_P2.54mm_LowProfile_JPin</footprint>
      <datasheet>~</datasheet>
      <fields>
        <field name="LCSC">C54950</field>
      </fields>
      <libsource lib="Switch" part="SW_DIP_x04" description="4x DIP Switch, Single Pole Single Throw (SPST) switch, small symbol"/>
      <sheetpath names="/" tstamps="/"/>
      <tstamp>61220DAC</tstamp>
    </comp>
    <comp ref="C6">
      <value>33uF</value>
      <footprint>Capacitor_SMD:C_1206_3216Metric</footprint>
      <datasheet>~</datasheet>
      <fields>
        <field name="LCSC">C342633</field>
      </fields>
      <libsource lib="Device" part="C" description="Unpolarized capacitor"/>
      <sheetpath names="/" tstamps="/"/>
      <tstamp>6122FD51</tstamp>
    </comp>
    <comp ref="U3">
      <value>BL1117-33CY</value>
      <footprint>Package_TO_SOT_SMD:TO-252-2</footprint>
      <fields>
        <field name="LCSC">C165080</field>
      </fields>
      <libsource lib="Regulator_Linear" part="L7805" description="Positive 1.5A 35V Linear Regulator, Fixed Output 5V, TO-220/TO-263/TO-252"/>
      <sheetpath names="/" tstamps="/"/>
      <tstamp>612467F5</tstamp>
    </comp>
    <comp ref="U5">
      <value>ESP32-WROOM-32</value>
      <footprint>RF_Module:ESP32-WROOM-32</footprint>
      <datasheet>https://www.espressif.com/sites/default/files/documentation/esp32-wroom-32_datasheet_en.pdf</datasheet>
      <fields>
        <field name="LCSC">C82899</field>
      </fields>
      <libsource lib="RF_Module" part="ESP32-WROOM-32" description="RF Module, ESP32-D0WDQ6 SoC, Wi-Fi 802.11b/g/n, Bluetooth, BLE, 32-bit, 2.7-3.6V, onboard antenna, SMD"/>
      <sheetpath names="/" tstamps="/"/>
      <tstamp>6124D8A2</tstamp>
    </comp>
    <comp ref="C8">
      <value>10nF</value>
      <footprint>Capacitor_SMD:C_0603_1608Metric</footprint>
      <datasheet>~</datasheet>
      <fields>
        <field name="LCSC">C100042</field>
      </fields>
      <libsource lib="Device" part="C" description="Unpolarized capacitor"/>
      <sheetpath names="/" tstamps="/"/>
      <tstamp>61336DE0</tstamp>
    </comp>
    <comp ref="C9">
      <value>10nF</value>
      <footprint>Capacitor_SMD:C_0603_1608Metric</footprint>
      <datasheet>~</datasheet>
      <fields>
        <field name="LCSC">C100042</field>
      </fields>
      <libsource lib="Device" part="C" description="Unpolarized capacitor"/>
      <sheetpath names="/" tstamps="/"/>
      <tstamp>61338E89</tstamp>
    </comp>
    <comp ref="R5">
      <value>10k</value>
      <footprint>Resistor_SMD:R_0603_1608Metric</footprint>
      <datasheet>~</datasheet>
      <fields>
        <field name="LCSC">C98220</field>
      </fields>
      <libsource lib="Device" part="R" description="Resistor"/>
      <sheetpath names="/" tstamps="/"/>
      <tstamp>6135428A</tstamp>
    </comp>
    <comp ref="U1">
      <value>MPXV5100DP</value>
      <footprint>eec:Freescale_Semiconductor-SOT1693-1-03_2016-B-MFG</footprint>
      <datasheet>https://www.nxp.com/docs/en/data-sheet/MPX5100.pdf</datasheet>
      <fields>
        <field name="accuracy">2.5%</field>
        <field name="ambient temperature range high">+125°C</field>
        <field name="ambient temperature range low">-40°C</field>
        <field name="automotive">No</field>
        <field name="category">IC</field>
        <field name="device class L1">Sensors</field>
        <field name="device class L2">Pressure Sensors</field>
        <field name="device class L3">unset</field>
        <field name="digikey description">PRESSURE SENSOR GAUGE DUAL 8-SOP</field>
        <field name="digikey part number">MPXV5100DP-ND</field>
        <field name="footprint url">https://www.nxp.com/docs/en/package-information/98ASA99255D.pdf</field>
        <field name="height">0.39inch</field>
        <field name="lead free">Yes</field>
        <field name="library id">d24c65771a9ed87d</field>
        <field name="manufacturer">Freescale Semiconductor</field>
        <field name="max pressure">14.5PSI</field>
        <field name="max supply voltage">5.25V</field>
        <field name="min supply voltage">4.75V</field>
        <field name="mouser description">Board Mount Pressure / Force Sensors SOP DUAL PORT&#xD;\n</field>
        <field name="mouser part number">841-MPXV5100DP</field>
        <field name="operating supply current">7mA</field>
        <field name="package">SOP8</field>
        <field name="port style">Barbed</field>
        <field name="response time">1ms</field>
        <field name="rohs">Yes</field>
        <field name="sensor output">Analog Voltage</field>
        <field name="standoff height">0.002inch</field>
        <field name="temperature range high">+125°C</field>
        <field name="temperature range low">-40°C</field>
      </fields>
      <libsource lib="eec" part="MPXV5100DP" description="MPXV5100DP"/>
      <sheetpath names="/" tstamps="/"/>
      <tstamp>6136D399</tstamp>
    </comp>
    <comp ref="C1">
      <value>1uF</value>
      <footprint>Capacitor_SMD:C_0603_1608Metric</footprint>
      <datasheet>~</datasheet>
      <fields>
        <field name="LCSC">C513775</field>
      </fields>
      <libsource lib="Device" part="C" description="Unpolarized capacitor"/>
      <sheetpath names="/" tstamps="/"/>
      <tstamp>613979BC</tstamp>
    </comp>
    <comp ref="C3">
      <value>10nF</value>
      <footprint>Capacitor_SMD:C_0603_1608Metric</footprint>
      <datasheet>~</datasheet>
      <fields>
        <field name="LCSC">C100042</field>
      </fields>
      <libsource lib="Device" part="C" description="Unpolarized capacitor"/>
      <sheetpath names="/" tstamps="/"/>
      <tstamp>613A8973</tstamp>
    </comp>
    <comp ref="J2">
      <value>AudioJack4</value>
      <footprint>Connector_Audio:Jack_3.5mm_PJ320D_Horizontal</footprint>
      <datasheet>~</datasheet>
      <fields>
        <field name="LCSC">C521460</field>
      </fields>
      <libsource lib="Connector" part="AudioJack4" description="Audio Jack, 4 Poles (TRRS)"/>
      <sheetpath names="/" tstamps="/"/>
      <tstamp>613BD5C4</tstamp>
    </comp>
    <comp ref="Q1">
      <value>AP55N03K</value>
      <footprint>Package_TO_SOT_SMD:TO-252-2</footprint>
      <fields>
        <field name="LCSC">C353074</field>
      </fields>
      <libsource lib="Transistor_FET" part="BSP129" description="0.35A Id, 240V Vds, N-Channel MOSFET, SOT-223"/>
      <sheetpath names="/" tstamps="/"/>
      <tstamp>613F0B87</tstamp>
    </comp>
    <comp ref="R3">
      <value>750</value>
      <footprint>Resistor_SMD:R_0603_1608Metric</footprint>
      <datasheet>~</datasheet>
      <fields>
        <field name="LCSC">C724881</field>
      </fields>
      <libsource lib="Device" part="R" description="Resistor"/>
      <sheetpath names="/" tstamps="/"/>
      <tstamp>61400022</tstamp>
    </comp>
    <comp ref="R2">
      <value>10k</value>
      <footprint>Resistor_SMD:R_0603_1608Metric</footprint>
      <datasheet>~</datasheet>
      <fields>
        <field name="LCSC">C98220</field>
      </fields>
      <libsource lib="Device" part="R" description="Resistor"/>
      <sheetpath names="/" tstamps="/"/>
      <tstamp>6140CF8E</tstamp>
    </comp>
    <comp ref="C4">
      <value>10uf</value>
      <footprint>Capacitor_SMD:CP_Elec_4x4.5</footprint>
      <datasheet>~</datasheet>
      <fields>
        <field name="LCSC">C249787</field>
      </fields>
      <libsource lib="Device" part="CP" description="Polarized capacitor"/>
      <sheetpath names="/" tstamps="/"/>
      <tstamp>6145E8BB</tstamp>
    </comp>
    <comp ref="C5">
      <value>10uf</value>
      <footprint>Capacitor_SMD:CP_Elec_4x4.5</footprint>
      <datasheet>~</datasheet>
      <fields>
        <field name="LCSC">C249787</field>
      </fields>
      <libsource lib="Device" part="CP" description="Polarized capacitor"/>
      <sheetpath names="/" tstamps="/"/>
      <tstamp>614626A9</tstamp>
    </comp>
    <comp ref="C7">
      <value>10uf</value>
      <footprint>Capacitor_SMD:CP_Elec_4x4.5</footprint>
      <datasheet>~</datasheet>
      <fields>
        <field name="LCSC">C249787</field>
      </fields>
      <libsource lib="Device" part="CP" description="Polarized capacitor"/>
      <sheetpath names="/" tstamps="/"/>
      <tstamp>61466769</tstamp>
    </comp>
    <comp ref="C34">
      <value>1uF</value>
      <footprint>Capacitor_SMD:C_0603_1608Metric</footprint>
      <datasheet>~</datasheet>
      <fields>
        <field name="LCSC">C513775</field>
      </fields>
      <libsource lib="Device" part="C" description="Unpolarized capacitor"/>
      <sheetpath names="/" tstamps="/"/>
      <tstamp>614BD412</tstamp>
    </comp>
    <comp ref="C35">
      <value>10nF</value>
      <footprint>Capacitor_SMD:C_0603_1608Metric</footprint>
      <datasheet>~</datasheet>
      <fields>
        <field name="LCSC">C100042</field>
      </fields>
      <libsource lib="Device" part="C" description="Unpolarized capacitor"/>
      <sheetpath names="/" tstamps="/"/>
      <tstamp>614BD419</tstamp>
    </comp>
    <comp ref="J3">
      <value>USB_B_Micro</value>
      <footprint>Connector_USB:USB_Micro-B_Wuerth_614105150721_Vertical</footprint>
      <datasheet>~</datasheet>
      <fields>
        <field name="LCSC">C145795</field>
      </fields>
      <libsource lib="Connector" part="USB_B_Micro" description="USB Micro Type B connector"/>
      <sheetpath names="/" tstamps="/"/>
      <tstamp>614FEF98</tstamp>
    </comp>
    <comp ref="U6">
      <value>CH340B (wrong symbol)</value>
      <footprint>Package_SO:SOIC-16_3.9x9.9mm_P1.27mm</footprint>
      <datasheet>http://www.datasheet5.com/pdf-local-2195953</datasheet>
      <fields>
        <field name="LCSC">C81010</field>
      </fields>
      <libsource lib="Interface_USB" part="CH340G" description="USB serial converter, UART, SOIC-16"/>
      <sheetpath names="/" tstamps="/"/>
      <tstamp>61599AF8</tstamp>
    </comp>
    <comp ref="R6">
      <value>10k</value>
      <footprint>Resistor_SMD:R_0603_1608Metric</footprint>
      <datasheet>~</datasheet>
      <fields>
        <field name="LCSC">C98220</field>
      </fields>
      <libsource lib="Device" part="R" description="Resistor"/>
      <sheetpath names="/" tstamps="/"/>
      <tstamp>615ACF56</tstamp>
    </comp>
    <comp ref="D1">
      <value>WS2812B</value>
      <footprint>LED_SMD:LED_WS2812B_PLCC4_5.0x5.0mm_P3.2mm</footprint>
      <datasheet>https://cdn-shop.adafruit.com/datasheets/WS2812B.pdf</datasheet>
      <fields>
        <field name="LCSC">C114586</field>
      </fields>
      <libsource lib="LED" part="WS2812B" description="RGB LED with integrated controller"/>
      <sheetpath names="/LEDS/" tstamps="/610F364F/"/>
      <tstamp>610F4A24</tstamp>
    </comp>
    <comp ref="C10">
      <value>1uF</value>
      <footprint>Capacitor_SMD:C_0603_1608Metric</footprint>
      <datasheet>~</datasheet>
      <fields>
        <field name="LCSC">C513775</field>
      </fields>
      <libsource lib="Device" part="C" description="Unpolarized capacitor"/>
      <sheetpath names="/LEDS/" tstamps="/610F364F/"/>
      <tstamp>611AE717</tstamp>
    </comp>
    <comp ref="D3">
      <value>WS2812B</value>
      <footprint>LED_SMD:LED_WS2812B_PLCC4_5.0x5.0mm_P3.2mm</footprint>
      <datasheet>https://cdn-shop.adafruit.com/datasheets/WS2812B.pdf</datasheet>
      <fields>
        <field name="LCSC">C114586</field>
      </fields>
      <libsource lib="LED" part="WS2812B" description="RGB LED with integrated controller"/>
      <sheetpath names="/LEDS/" tstamps="/610F364F/"/>
      <tstamp>612B0A7F</tstamp>
    </comp>
    <comp ref="D5">
      <value>WS2812B</value>
      <footprint>LED_SMD:LED_WS2812B_PLCC4_5.0x5.0mm_P3.2mm</footprint>
      <datasheet>https://cdn-shop.adafruit.com/datasheets/WS2812B.pdf</datasheet>
      <fields>
        <field name="LCSC">C114586</field>
      </fields>
      <libsource lib="LED" part="WS2812B" description="RGB LED with integrated controller"/>
      <sheetpath names="/LEDS/" tstamps="/610F364F/"/>
      <tstamp>612B5AB7</tstamp>
    </comp>
    <comp ref="D7">
      <value>WS2812B</value>
      <footprint>LED_SMD:LED_WS2812B_PLCC4_5.0x5.0mm_P3.2mm</footprint>
      <datasheet>https://cdn-shop.adafruit.com/datasheets/WS2812B.pdf</datasheet>
      <fields>
        <field name="LCSC">C114586</field>
      </fields>
      <libsource lib="LED" part="WS2812B" description="RGB LED with integrated controller"/>
      <sheetpath names="/LEDS/" tstamps="/610F364F/"/>
      <tstamp>612B9B98</tstamp>
    </comp>
    <comp ref="D9">
      <value>WS2812B</value>
      <footprint>LED_SMD:LED_WS2812B_PLCC4_5.0x5.0mm_P3.2mm</footprint>
      <datasheet>https://cdn-shop.adafruit.com/datasheets/WS2812B.pdf</datasheet>
      <fields>
        <field name="LCSC">C114586</field>
      </fields>
      <libsource lib="LED" part="WS2812B" description="RGB LED with integrated controller"/>
      <sheetpath names="/LEDS/" tstamps="/610F364F/"/>
      <tstamp>612BDC5F</tstamp>
    </comp>
    <comp ref="D11">
      <value>WS2812B</value>
      <footprint>LED_SMD:LED_WS2812B_PLCC4_5.0x5.0mm_P3.2mm</footprint>
      <datasheet>https://cdn-shop.adafruit.com/datasheets/WS2812B.pdf</datasheet>
      <fields>
        <field name="LCSC">C114586</field>
      </fields>
      <libsource lib="LED" part="WS2812B" description="RGB LED with integrated controller"/>
      <sheetpath names="/LEDS/" tstamps="/610F364F/"/>
      <tstamp>612C1BE4</tstamp>
    </comp>
    <comp ref="D13">
      <value>WS2812B</value>
      <footprint>LED_SMD:LED_WS2812B_PLCC4_5.0x5.0mm_P3.2mm</footprint>
      <datasheet>https://cdn-shop.adafruit.com/datasheets/WS2812B.pdf</datasheet>
      <fields>
        <field name="LCSC">C114586</field>
      </fields>
      <libsource lib="LED" part="WS2812B" description="RGB LED with integrated controller"/>
      <sheetpath names="/LEDS/" tstamps="/610F364F/"/>
      <tstamp>612C5AF1</tstamp>
    </comp>
    <comp ref="D15">
      <value>WS2812B</value>
      <footprint>LED_SMD:LED_WS2812B_PLCC4_5.0x5.0mm_P3.2mm</footprint>
      <datasheet>https://cdn-shop.adafruit.com/datasheets/WS2812B.pdf</datasheet>
      <fields>
        <field name="LCSC">C114586</field>
      </fields>
      <libsource lib="LED" part="WS2812B" description="RGB LED with integrated controller"/>
      <sheetpath names="/LEDS/" tstamps="/610F364F/"/>
      <tstamp>612C9892</tstamp>
    </comp>
    <comp ref="D17">
      <value>WS2812B</value>
      <footprint>LED_SMD:LED_WS2812B_PLCC4_5.0x5.0mm_P3.2mm</footprint>
      <datasheet>https://cdn-shop.adafruit.com/datasheets/WS2812B.pdf</datasheet>
      <fields>
        <field name="LCSC">C114586</field>
      </fields>
      <libsource lib="LED" part="WS2812B" description="RGB LED with integrated controller"/>
      <sheetpath names="/LEDS/" tstamps="/610F364F/"/>
      <tstamp>612CD847</tstamp>
    </comp>
    <comp ref="D19">
      <value>WS2812B</value>
      <footprint>LED_SMD:LED_WS2812B_PLCC4_5.0x5.0mm_P3.2mm</footprint>
      <datasheet>https://cdn-shop.adafruit.com/datasheets/WS2812B.pdf</datasheet>
      <fields>
        <field name="LCSC">C114586</field>
      </fields>
      <libsource lib="LED" part="WS2812B" description="RGB LED with integrated controller"/>
      <sheetpath names="/LEDS/" tstamps="/610F364F/"/>
      <tstamp>612D1500</tstamp>
    </comp>
    <comp ref="D23">
      <value>WS2812B</value>
      <footprint>LED_SMD:LED_WS2812B_PLCC4_5.0x5.0mm_P3.2mm</footprint>
      <datasheet>https://cdn-shop.adafruit.com/datasheets/WS2812B.pdf</datasheet>
      <fields>
        <field name="LCSC">C114586</field>
      </fields>
      <libsource lib="LED" part="WS2812B" description="RGB LED with integrated controller"/>
      <sheetpath names="/LEDS/" tstamps="/610F364F/"/>
      <tstamp>612D8F2C</tstamp>
    </comp>
    <comp ref="D24">
      <value>WS2812B</value>
      <footprint>LED_SMD:LED_WS2812B_PLCC4_5.0x5.0mm_P3.2mm</footprint>
      <datasheet>https://cdn-shop.adafruit.com/datasheets/WS2812B.pdf</datasheet>
      <fields>
        <field name="LCSC">C114586</field>
      </fields>
      <libsource lib="LED" part="WS2812B" description="RGB LED with integrated controller"/>
      <sheetpath names="/LEDS/" tstamps="/610F364F/"/>
      <tstamp>612DCECD</tstamp>
    </comp>
    <comp ref="D22">
      <value>WS2812B</value>
      <footprint>LED_SMD:LED_WS2812B_PLCC4_5.0x5.0mm_P3.2mm</footprint>
      <datasheet>https://cdn-shop.adafruit.com/datasheets/WS2812B.pdf</datasheet>
      <fields>
        <field name="LCSC">C114586</field>
      </fields>
      <libsource lib="LED" part="WS2812B" description="RGB LED with integrated controller"/>
      <sheetpath names="/LEDS/" tstamps="/610F364F/"/>
      <tstamp>612E0A74</tstamp>
    </comp>
    <comp ref="D20">
      <value>WS2812B</value>
      <footprint>LED_SMD:LED_WS2812B_PLCC4_5.0x5.0mm_P3.2mm</footprint>
      <datasheet>https://cdn-shop.adafruit.com/datasheets/WS2812B.pdf</datasheet>
      <fields>
        <field name="LCSC">C114586</field>
      </fields>
      <libsource lib="LED" part="WS2812B" description="RGB LED with integrated controller"/>
      <sheetpath names="/LEDS/" tstamps="/610F364F/"/>
      <tstamp>612E480B</tstamp>
    </comp>
    <comp ref="D18">
      <value>WS2812B</value>
      <footprint>LED_SMD:LED_WS2812B_PLCC4_5.0x5.0mm_P3.2mm</footprint>
      <datasheet>https://cdn-shop.adafruit.com/datasheets/WS2812B.pdf</datasheet>
      <fields>
        <field name="LCSC">C114586</field>
      </fields>
      <libsource lib="LED" part="WS2812B" description="RGB LED with integrated controller"/>
      <sheetpath names="/LEDS/" tstamps="/610F364F/"/>
      <tstamp>612F025E</tstamp>
    </comp>
    <comp ref="D16">
      <value>WS2812B</value>
      <footprint>LED_SMD:LED_WS2812B_PLCC4_5.0x5.0mm_P3.2mm</footprint>
      <datasheet>https://cdn-shop.adafruit.com/datasheets/WS2812B.pdf</datasheet>
      <fields>
        <field name="LCSC">C114586</field>
      </fields>
      <libsource lib="LED" part="WS2812B" description="RGB LED with integrated controller"/>
      <sheetpath names="/LEDS/" tstamps="/610F364F/"/>
      <tstamp>612F45B5</tstamp>
    </comp>
    <comp ref="D14">
      <value>WS2812B</value>
      <footprint>LED_SMD:LED_WS2812B_PLCC4_5.0x5.0mm_P3.2mm</footprint>
      <datasheet>https://cdn-shop.adafruit.com/datasheets/WS2812B.pdf</datasheet>
      <fields>
        <field name="LCSC">C114586</field>
      </fields>
      <libsource lib="LED" part="WS2812B" description="RGB LED with integrated controller"/>
      <sheetpath names="/LEDS/" tstamps="/610F364F/"/>
      <tstamp>612F7E72</tstamp>
    </comp>
    <comp ref="D12">
      <value>WS2812B</value>
      <footprint>LED_SMD:LED_WS2812B_PLCC4_5.0x5.0mm_P3.2mm</footprint>
      <datasheet>https://cdn-shop.adafruit.com/datasheets/WS2812B.pdf</datasheet>
      <fields>
        <field name="LCSC">C114586</field>
      </fields>
      <libsource lib="LED" part="WS2812B" description="RGB LED with integrated controller"/>
      <sheetpath names="/LEDS/" tstamps="/610F364F/"/>
      <tstamp>612FBA6F</tstamp>
    </comp>
    <comp ref="D10">
      <value>WS2812B</value>
      <footprint>LED_SMD:LED_WS2812B_PLCC4_5.0x5.0mm_P3.2mm</footprint>
      <datasheet>https://cdn-shop.adafruit.com/datasheets/WS2812B.pdf</datasheet>
      <fields>
        <field name="LCSC">C114586</field>
      </fields>
      <libsource lib="LED" part="WS2812B" description="RGB LED with integrated controller"/>
      <sheetpath names="/LEDS/" tstamps="/610F364F/"/>
      <tstamp>612FFA2E</tstamp>
    </comp>
    <comp ref="D8">
      <value>WS2812B</value>
      <footprint>LED_SMD:LED_WS2812B_PLCC4_5.0x5.0mm_P3.2mm</footprint>
      <datasheet>https://cdn-shop.adafruit.com/datasheets/WS2812B.pdf</datasheet>
      <fields>
        <field name="LCSC">C114586</field>
      </fields>
      <libsource lib="LED" part="WS2812B" description="RGB LED with integrated controller"/>
      <sheetpath names="/LEDS/" tstamps="/610F364F/"/>
      <tstamp>61303825</tstamp>
    </comp>
    <comp ref="D6">
      <value>WS2812B</value>
      <footprint>LED_SMD:LED_WS2812B_PLCC4_5.0x5.0mm_P3.2mm</footprint>
      <datasheet>https://cdn-shop.adafruit.com/datasheets/WS2812B.pdf</datasheet>
      <fields>
        <field name="LCSC">C114586</field>
      </fields>
      <libsource lib="LED" part="WS2812B" description="RGB LED with integrated controller"/>
      <sheetpath names="/LEDS/" tstamps="/610F364F/"/>
      <tstamp>61307418</tstamp>
    </comp>
    <comp ref="D4">
      <value>WS2812B</value>
      <footprint>LED_SMD:LED_WS2812B_PLCC4_5.0x5.0mm_P3.2mm</footprint>
      <datasheet>https://cdn-shop.adafruit.com/datasheets/WS2812B.pdf</datasheet>
      <fields>
        <field name="LCSC">C114586</field>
      </fields>
      <libsource lib="LED" part="WS2812B" description="RGB LED with integrated controller"/>
      <sheetpath names="/LEDS/" tstamps="/610F364F/"/>
      <tstamp>6130F1DF</tstamp>
    </comp>
    <comp ref="D2">
      <value>WS2812B</value>
      <footprint>LED_SMD:LED_WS2812B_PLCC4_5.0x5.0mm_P3.2mm</footprint>
      <datasheet>https://cdn-shop.adafruit.com/datasheets/WS2812B.pdf</datasheet>
      <fields>
        <field name="LCSC">C114586</field>
      </fields>
      <libsource lib="LED" part="WS2812B" description="RGB LED with integrated controller"/>
      <sheetpath names="/LEDS/" tstamps="/610F364F/"/>
      <tstamp>61312EC8</tstamp>
    </comp>
    <comp ref="C11">
      <value>1uF</value>
      <footprint>Capacitor_SMD:C_0603_1608Metric</footprint>
      <datasheet>~</datasheet>
      <fields>
        <field name="LCSC">C513775</field>
      </fields>
      <libsource lib="Device" part="C" description="Unpolarized capacitor"/>
      <sheetpath names="/LEDS/" tstamps="/610F364F/"/>
      <tstamp>6131A1FA</tstamp>
    </comp>
    <comp ref="C12">
      <value>1uF</value>
      <footprint>Capacitor_SMD:C_0603_1608Metric</footprint>
      <datasheet>~</datasheet>
      <fields>
        <field name="LCSC">C513775</field>
      </fields>
      <libsource lib="Device" part="C" description="Unpolarized capacitor"/>
      <sheetpath names="/LEDS/" tstamps="/610F364F/"/>
      <tstamp>6131B61E</tstamp>
    </comp>
    <comp ref="C13">
      <value>1uF</value>
      <footprint>Capacitor_SMD:C_0603_1608Metric</footprint>
      <datasheet>~</datasheet>
      <fields>
        <field name="LCSC">C513775</field>
      </fields>
      <libsource lib="Device" part="C" description="Unpolarized capacitor"/>
      <sheetpath names="/LEDS/" tstamps="/610F364F/"/>
      <tstamp>6131C790</tstamp>
    </comp>
    <comp ref="C14">
      <value>1uF</value>
      <footprint>Capacitor_SMD:C_0603_1608Metric</footprint>
      <datasheet>~</datasheet>
      <fields>
        <field name="LCSC">C513775</field>
      </fields>
      <libsource lib="Device" part="C" description="Unpolarized capacitor"/>
      <sheetpath names="/LEDS/" tstamps="/610F364F/"/>
      <tstamp>6131D77C</tstamp>
    </comp>
    <comp ref="C15">
      <value>1uF</value>
      <footprint>Capacitor_SMD:C_0603_1608Metric</footprint>
      <datasheet>~</datasheet>
      <fields>
        <field name="LCSC">C513775</field>
      </fields>
      <libsource lib="Device" part="C" description="Unpolarized capacitor"/>
      <sheetpath names="/LEDS/" tstamps="/610F364F/"/>
      <tstamp>6131E984</tstamp>
    </comp>
    <comp ref="C16">
      <value>1uF</value>
      <footprint>Capacitor_SMD:C_0603_1608Metric</footprint>
      <datasheet>~</datasheet>
      <fields>
        <field name="LCSC">C513775</field>
      </fields>
      <libsource lib="Device" part="C" description="Unpolarized capacitor"/>
      <sheetpath names="/LEDS/" tstamps="/610F364F/"/>
      <tstamp>6131FA78</tstamp>
    </comp>
    <comp ref="C17">
      <value>1uF</value>
      <footprint>Capacitor_SMD:C_0603_1608Metric</footprint>
      <datasheet>~</datasheet>
      <fields>
        <field name="LCSC">C513775</field>
      </fields>
      <libsource lib="Device" part="C" description="Unpolarized capacitor"/>
      <sheetpath names="/LEDS/" tstamps="/610F364F/"/>
      <tstamp>61320B12</tstamp>
    </comp>
    <comp ref="C18">
      <value>1uF</value>
      <footprint>Capacitor_SMD:C_0603_1608Metric</footprint>
      <datasheet>~</datasheet>
      <fields>
        <field name="LCSC">C513775</field>
      </fields>
      <libsource lib="Device" part="C" description="Unpolarized capacitor"/>
      <sheetpath names="/LEDS/" tstamps="/610F364F/"/>
      <tstamp>61321B6C</tstamp>
    </comp>
    <comp ref="C19">
      <value>1uF</value>
      <footprint>Capacitor_SMD:C_0603_1608Metric</footprint>
      <datasheet>~</datasheet>
      <fields>
        <field name="LCSC">C513775</field>
      </fields>
      <libsource lib="Device" part="C" description="Unpolarized capacitor"/>
      <sheetpath names="/LEDS/" tstamps="/610F364F/"/>
      <tstamp>61322B8E</tstamp>
    </comp>
    <comp ref="C20">
      <value>1uF</value>
      <footprint>Capacitor_SMD:C_0603_1608Metric</footprint>
      <datasheet>~</datasheet>
      <fields>
        <field name="LCSC">C513775</field>
      </fields>
      <libsource lib="Device" part="C" description="Unpolarized capacitor"/>
      <sheetpath names="/LEDS/" tstamps="/610F364F/"/>
      <tstamp>61323CD6</tstamp>
    </comp>
    <comp ref="C21">
      <value>1uF</value>
      <footprint>Capacitor_SMD:C_0603_1608Metric</footprint>
      <datasheet>~</datasheet>
      <fields>
        <field name="LCSC">C513775</field>
      </fields>
      <libsource lib="Device" part="C" description="Unpolarized capacitor"/>
      <sheetpath names="/LEDS/" tstamps="/610F364F/"/>
      <tstamp>61324C32</tstamp>
    </comp>
    <comp ref="C23">
      <value>1uF</value>
      <footprint>Capacitor_SMD:C_0603_1608Metric</footprint>
      <datasheet>~</datasheet>
      <fields>
        <field name="LCSC">C513775</field>
      </fields>
      <libsource lib="Device" part="C" description="Unpolarized capacitor"/>
      <sheetpath names="/LEDS/" tstamps="/610F364F/"/>
      <tstamp>61325DE6</tstamp>
    </comp>
    <comp ref="C22">
      <value>1uF</value>
      <footprint>Capacitor_SMD:C_0603_1608Metric</footprint>
      <datasheet>~</datasheet>
      <fields>
        <field name="LCSC">C513775</field>
      </fields>
      <libsource lib="Device" part="C" description="Unpolarized capacitor"/>
      <sheetpath names="/LEDS/" tstamps="/610F364F/"/>
      <tstamp>61327D62</tstamp>
    </comp>
    <comp ref="C24">
      <value>1uF</value>
      <footprint>Capacitor_SMD:C_0603_1608Metric</footprint>
      <datasheet>~</datasheet>
      <fields>
        <field name="LCSC">C513775</field>
      </fields>
      <libsource lib="Device" part="C" description="Unpolarized capacitor"/>
      <sheetpath names="/LEDS/" tstamps="/610F364F/"/>
      <tstamp>61328BE7</tstamp>
    </comp>
    <comp ref="C25">
      <value>1uF</value>
      <footprint>Capacitor_SMD:C_0603_1608Metric</footprint>
      <datasheet>~</datasheet>
      <fields>
        <field name="LCSC">C513775</field>
      </fields>
      <libsource lib="Device" part="C" description="Unpolarized capacitor"/>
      <sheetpath names="/LEDS/" tstamps="/610F364F/"/>
      <tstamp>613299EE</tstamp>
    </comp>
    <comp ref="C26">
      <value>1uF</value>
      <footprint>Capacitor_SMD:C_0603_1608Metric</footprint>
      <datasheet>~</datasheet>
      <fields>
        <field name="LCSC">C513775</field>
      </fields>
      <libsource lib="Device" part="C" description="Unpolarized capacitor"/>
      <sheetpath names="/LEDS/" tstamps="/610F364F/"/>
      <tstamp>6132AA71</tstamp>
    </comp>
    <comp ref="C27">
      <value>1uF</value>
      <footprint>Capacitor_SMD:C_0603_1608Metric</footprint>
      <datasheet>~</datasheet>
      <fields>
        <field name="LCSC">C513775</field>
      </fields>
      <libsource lib="Device" part="C" description="Unpolarized capacitor"/>
      <sheetpath names="/LEDS/" tstamps="/610F364F/"/>
      <tstamp>6132BA22</tstamp>
    </comp>
    <comp ref="C28">
      <value>1uF</value>
      <footprint>Capacitor_SMD:C_0603_1608Metric</footprint>
      <datasheet>~</datasheet>
      <fields>
        <field name="LCSC">C513775</field>
      </fields>
      <libsource lib="Device" part="C" description="Unpolarized capacitor"/>
      <sheetpath names="/LEDS/" tstamps="/610F364F/"/>
      <tstamp>6132C88F</tstamp>
    </comp>
    <comp ref="C29">
      <value>1uF</value>
      <footprint>Capacitor_SMD:C_0603_1608Metric</footprint>
      <datasheet>~</datasheet>
      <fields>
        <field name="LCSC">C513775</field>
      </fields>
      <libsource lib="Device" part="C" description="Unpolarized capacitor"/>
      <sheetpath names="/LEDS/" tstamps="/610F364F/"/>
      <tstamp>6132D852</tstamp>
    </comp>
    <comp ref="C30">
      <value>1uF</value>
      <footprint>Capacitor_SMD:C_0603_1608Metric</footprint>
      <datasheet>~</datasheet>
      <fields>
        <field name="LCSC">C513775</field>
      </fields>
      <libsource lib="Device" part="C" description="Unpolarized capacitor"/>
      <sheetpath names="/LEDS/" tstamps="/610F364F/"/>
      <tstamp>6132E7D9</tstamp>
    </comp>
    <comp ref="C31">
      <value>1uF</value>
      <footprint>Capacitor_SMD:C_0603_1608Metric</footprint>
      <datasheet>~</datasheet>
      <fields>
        <field name="LCSC">C513775</field>
      </fields>
      <libsource lib="Device" part="C" description="Unpolarized capacitor"/>
      <sheetpath names="/LEDS/" tstamps="/610F364F/"/>
      <tstamp>6132F520</tstamp>
    </comp>
    <comp ref="C32">
      <value>1uF</value>
      <footprint>Capacitor_SMD:C_0603_1608Metric</footprint>
      <datasheet>~</datasheet>
      <fields>
        <field name="LCSC">C513775</field>
      </fields>
      <libsource lib="Device" part="C" description="Unpolarized capacitor"/>
      <sheetpath names="/LEDS/" tstamps="/610F364F/"/>
      <tstamp>613302A9</tstamp>
    </comp>
    <comp ref="C33">
      <value>1uF</value>
      <footprint>Capacitor_SMD:C_0603_1608Metric</footprint>
      <datasheet>~</datasheet>
      <fields>
        <field name="LCSC">C513775</field>
      </fields>
      <libsource lib="Device" part="C" description="Unpolarized capacitor"/>
      <sheetpath names="/LEDS/" tstamps="/610F364F/"/>
      <tstamp>613311E2</tstamp>
    </comp>
    <comp ref="D21">
      <value>WS2812B</value>
      <footprint>LED_SMD:LED_WS2812B_PLCC4_5.0x5.0mm_P3.2mm</footprint>
      <datasheet>https://cdn-shop.adafruit.com/datasheets/WS2812B.pdf</datasheet>
      <fields>
        <field name="LCSC">C114586</field>
      </fields>
      <libsource lib="LED" part="WS2812B" description="RGB LED with integrated controller"/>
      <sheetpath names="/LEDS/" tstamps="/610F364F/"/>
      <tstamp>612D5407</tstamp>
    </comp>
  </components>
  <libparts>
    <libpart lib="Amplifier_Operational" part="MCP6L91RT-EOT">
      <aliases>
        <alias>MCP6401RT-xOT</alias>
        <alias>MCP6001R</alias>
        <alias>MCP601R</alias>
        <alias>TSV911RILT</alias>
        <alias>MCP6L01Rx-xOT</alias>
      </aliases>
      <description>10 MHz, 850 µA Op Amps, SOT-23-5</description>
      <docs>http://ww1.microchip.com/downloads/en/DeviceDoc/22141b.pdf</docs>
      <footprints>
        <fp>SOT?23*</fp>
      </footprints>
      <fields>
        <field name="Reference">U</field>
        <field name="Value">MCP6L91RT-EOT</field>
        <field name="Footprint">Package_TO_SOT_SMD:SOT-23-5</field>
      </fields>
      <pins>
        <pin num="1" name="~" type="output"/>
        <pin num="2" name="V+" type="power_in"/>
        <pin num="3" name="+" type="input"/>
        <pin num="4" name="-" type="input"/>
        <pin num="5" name="V-" type="power_in"/>
      </pins>
    </libpart>
    <libpart lib="Connector" part="AudioJack4">
      <description>Audio Jack, 4 Poles (TRRS)</description>
      <docs>~</docs>
      <footprints>
        <fp>Jack*</fp>
      </footprints>
      <fields>
        <field name="Reference">J</field>
        <field name="Value">AudioJack4</field>
      </fields>
      <pins>
        <pin num="R1" name="~" type="passive"/>
        <pin num="R2" name="~" type="passive"/>
        <pin num="S" name="~" type="passive"/>
        <pin num="T" name="~" type="passive"/>
      </pins>
    </libpart>
    <libpart lib="Connector" part="Barrel_Jack">
      <aliases>
        <alias>Jack-DC</alias>
      </aliases>
      <description>DC Barrel Jack</description>
      <docs>~</docs>
      <footprints>
        <fp>BarrelJack*</fp>
      </footprints>
      <fields>
        <field name="Reference">J</field>
        <field name="Value">Barrel_Jack</field>
      </fields>
      <pins>
        <pin num="1" name="~" type="passive"/>
        <pin num="2" name="~" type="passive"/>
      </pins>
    </libpart>
    <libpart lib="Connector" part="USB_B_Micro">
      <aliases>
        <alias>USB_B_Mini</alias>
      </aliases>
      <description>USB Micro Type B connector</description>
      <docs>~</docs>
      <footprints>
        <fp>USB*</fp>
      </footprints>
      <fields>
        <field name="Reference">J</field>
        <field name="Value">USB_B_Micro</field>
      </fields>
      <pins>
        <pin num="1" name="VBUS" type="power_out"/>
        <pin num="2" name="D-" type="BiDi"/>
        <pin num="3" name="D+" type="BiDi"/>
        <pin num="4" name="ID" type="passive"/>
        <pin num="5" name="GND" type="power_out"/>
        <pin num="6" name="Shield" type="passive"/>
      </pins>
    </libpart>
    <libpart lib="Device" part="C">
      <description>Unpolarized capacitor</description>
      <docs>~</docs>
      <footprints>
        <fp>C_*</fp>
      </footprints>
      <fields>
        <field name="Reference">C</field>
        <field name="Value">C</field>
      </fields>
      <pins>
        <pin num="1" name="~" type="passive"/>
        <pin num="2" name="~" type="passive"/>
      </pins>
    </libpart>
    <libpart lib="Device" part="CP">
      <description>Polarized capacitor</description>
      <docs>~</docs>
      <footprints>
        <fp>CP_*</fp>
      </footprints>
      <fields>
        <field name="Reference">C</field>
        <field name="Value">CP</field>
      </fields>
      <pins>
        <pin num="1" name="~" type="passive"/>
        <pin num="2" name="~" type="passive"/>
      </pins>
    </libpart>
    <libpart lib="Device" part="R">
      <description>Resistor</description>
      <docs>~</docs>
      <footprints>
        <fp>R_*</fp>
      </footprints>
      <fields>
        <field name="Reference">R</field>
        <field name="Value">R</field>
      </fields>
      <pins>
        <pin num="1" name="~" type="passive"/>
        <pin num="2" name="~" type="passive"/>
      </pins>
    </libpart>
    <libpart lib="Device" part="R_POT">
      <description>Potentiometer</description>
      <docs>~</docs>
      <footprints>
        <fp>Potentiometer*</fp>
      </footprints>
      <fields>
        <field name="Reference">RV</field>
        <field name="Value">R_POT</field>
      </fields>
      <pins>
        <pin num="1" name="1" type="passive"/>
        <pin num="2" name="2" type="passive"/>
        <pin num="3" name="3" type="passive"/>
      </pins>
    </libpart>
    <libpart lib="Device" part="Rotary_Encoder_Switch">
      <description>Rotary encoder, dual channel, incremental quadrate outputs, with switch</description>
      <docs>~</docs>
      <footprints>
        <fp>RotaryEncoder*Switch*</fp>
      </footprints>
      <fields>
        <field name="Reference">SW</field>
        <field name="Value">Rotary_Encoder_Switch</field>
      </fields>
      <pins>
        <pin num="A" name="A" type="passive"/>
        <pin num="B" name="B" type="passive"/>
        <pin num="C" name="C" type="passive"/>
        <pin num="S1" name="S1" type="passive"/>
        <pin num="S2" name="S2" type="passive"/>
      </pins>
    </libpart>
    <libpart lib="Interface_USB" part="CH340G">
      <description>USB serial converter, UART, SOIC-16</description>
      <docs>http://www.datasheet5.com/pdf-local-2195953</docs>
      <footprints>
        <fp>SOIC*3.9x9.9mm*P1.27mm*</fp>
      </footprints>
      <fields>
        <field name="Reference">U</field>
        <field name="Value">CH340G</field>
        <field name="Footprint">Package_SO:SOIC-16_3.9x9.9mm_P1.27mm</field>
      </fields>
      <pins>
        <pin num="1" name="GND" type="power_in"/>
        <pin num="2" name="TXD" type="output"/>
        <pin num="3" name="RXD" type="input"/>
        <pin num="4" name="V3" type="passive"/>
        <pin num="5" name="UD+" type="BiDi"/>
        <pin num="6" name="UD-" type="BiDi"/>
        <pin num="7" name="XI" type="input"/>
        <pin num="8" name="XO" type="output"/>
        <pin num="9" name="~CTS" type="input"/>
        <pin num="10" name="~DSR" type="input"/>
        <pin num="11" name="~RI" type="input"/>
        <pin num="12" name="~DCD" type="input"/>
        <pin num="13" name="~DTR" type="output"/>
        <pin num="14" name="~RTS" type="output"/>
        <pin num="15" name="R232" type="input"/>
        <pin num="16" name="VCC" type="power_in"/>
      </pins>
    </libpart>
    <libpart lib="LED" part="WS2812B">
      <description>RGB LED with integrated controller</description>
      <docs>https://cdn-shop.adafruit.com/datasheets/WS2812B.pdf</docs>
      <footprints>
        <fp>LED*WS2812*PLCC*5.0x5.0mm*P3.2mm*</fp>
      </footprints>
      <fields>
        <field name="Reference">D</field>
        <field name="Value">WS2812B</field>
        <field name="Footprint">LED_SMD:LED_WS2812B_PLCC4_5.0x5.0mm_P3.2mm</field>
      </fields>
      <pins>
        <pin num="1" name="VDD" type="power_in"/>
        <pin num="2" name="DOUT" type="output"/>
        <pin num="3" name="VSS" type="power_in"/>
        <pin num="4" name="DIN" type="input"/>
      </pins>
    </libpart>
    <libpart lib="RF_Module" part="ESP32-WROOM-32">
      <aliases>
        <alias>ESP32-WROOM-32D</alias>
      </aliases>
      <description>RF Module, ESP32-D0WDQ6 SoC, Wi-Fi 802.11b/g/n, Bluetooth, BLE, 32-bit, 2.7-3.6V, onboard antenna, SMD</description>
      <docs>https://www.espressif.com/sites/default/files/documentation/esp32-wroom-32_datasheet_en.pdf</docs>
      <footprints>
        <fp>ESP32?WROOM?32*</fp>
      </footprints>
      <fields>
        <field name="Reference">U</field>
        <field name="Value">ESP32-WROOM-32</field>
        <field name="Footprint">RF_Module:ESP32-WROOM-32</field>
      </fields>
      <pins>
        <pin num="1" name="GND" type="power_in"/>
        <pin num="2" name="VDD" type="power_in"/>
        <pin num="3" name="EN" type="input"/>
        <pin num="4" name="SENSOR_VP" type="input"/>
        <pin num="5" name="SENSOR_VN" type="input"/>
        <pin num="6" name="IO34" type="input"/>
        <pin num="7" name="IO35" type="input"/>
        <pin num="8" name="IO32" type="BiDi"/>
        <pin num="9" name="IO33" type="BiDi"/>
        <pin num="10" name="IO25" type="BiDi"/>
        <pin num="11" name="IO26" type="BiDi"/>
        <pin num="12" name="IO27" type="BiDi"/>
        <pin num="13" name="IO14" type="BiDi"/>
        <pin num="14" name="IO12" type="BiDi"/>
        <pin num="15" name="GND" type="passive"/>
        <pin num="16" name="IO13" type="BiDi"/>
        <pin num="17" name="SHD/SD2" type="BiDi"/>
        <pin num="18" name="SWP/SD3" type="BiDi"/>
        <pin num="19" name="SCS/CMD" type="BiDi"/>
        <pin num="20" name="SCK/CLK" type="BiDi"/>
        <pin num="21" name="SDO/SD0" type="BiDi"/>
        <pin num="22" name="SDI/SD1" type="BiDi"/>
        <pin num="23" name="IO15" type="BiDi"/>
        <pin num="24" name="IO2" type="BiDi"/>
        <pin num="25" name="IO0" type="BiDi"/>
        <pin num="26" name="IO4" type="BiDi"/>
        <pin num="27" name="IO16" type="BiDi"/>
        <pin num="28" name="IO17" type="BiDi"/>
        <pin num="29" name="IO5" type="BiDi"/>
        <pin num="30" name="IO18" type="BiDi"/>
        <pin num="31" name="IO19" type="BiDi"/>
        <pin num="32" name="NC" type="NotConnected"/>
        <pin num="33" name="IO21" type="BiDi"/>
        <pin num="34" name="RXD0/IO3" type="BiDi"/>
        <pin num="35" name="TXD0/IO1" type="BiDi"/>
        <pin num="36" name="IO22" type="BiDi"/>
        <pin num="37" name="IO23" type="BiDi"/>
        <pin num="38" name="GND" type="passive"/>
        <pin num="39" name="GND" type="passive"/>
      </pins>
    </libpart>
    <libpart lib="Regulator_Linear" part="L7805">
      <aliases>
        <alias>L7806</alias>
        <alias>L7808</alias>
        <alias>L7885</alias>
        <alias>L7809</alias>
        <alias>L7812</alias>
        <alias>L7815</alias>
        <alias>L7818</alias>
        <alias>L7824</alias>
      </aliases>
      <description>Positive 1.5A 35V Linear Regulator, Fixed Output 5V, TO-220/TO-263/TO-252</description>
      <docs>http://www.st.com/content/ccc/resource/technical/document/datasheet/41/4f/b3/b0/12/d4/47/88/CD00000444.pdf/files/CD00000444.pdf/jcr:content/translations/en.CD00000444.pdf</docs>
      <footprints>
        <fp>TO?252*</fp>
        <fp>TO?263*</fp>
        <fp>TO?220*</fp>
      </footprints>
      <fields>
        <field name="Reference">U</field>
        <field name="Value">L7805</field>
      </fields>
      <pins>
        <pin num="1" name="IN" type="power_in"/>
        <pin num="2" name="GND" type="power_in"/>
        <pin num="3" name="OUT" type="power_out"/>
      </pins>
    </libpart>
    <libpart lib="Switch" part="SW_DIP_x01">
      <description>1x DIP Switch, Single Pole Single Throw (SPST) switch, small symbol</description>
      <docs>~</docs>
      <footprints>
        <fp>SW?DIP?x1*</fp>
      </footprints>
      <fields>
        <field name="Reference">SW</field>
        <field name="Value">SW_DIP_x01</field>
      </fields>
      <pins>
        <pin num="1" name="~" type="passive"/>
        <pin num="2" name="~" type="passive"/>
      </pins>
    </libpart>
    <libpart lib="Switch" part="SW_DIP_x04">
      <description>4x DIP Switch, Single Pole Single Throw (SPST) switch, small symbol</description>
      <docs>~</docs>
      <footprints>
        <fp>SW?DIP?x4*</fp>
      </footprints>
      <fields>
        <field name="Reference">SW</field>
        <field name="Value">SW_DIP_x04</field>
      </fields>
      <pins>
        <pin num="1" name="~" type="passive"/>
        <pin num="2" name="~" type="passive"/>
        <pin num="3" name="~" type="passive"/>
        <pin num="4" name="~" type="passive"/>
        <pin num="5" name="~" type="passive"/>
        <pin num="6" name="~" type="passive"/>
        <pin num="7" name="~" type="passive"/>
        <pin num="8" name="~" type="passive"/>
      </pins>
    </libpart>
    <libpart lib="Switch" part="SW_Push">
      <description>Push button switch, generic, two pins</description>
      <docs>~</docs>
      <fields>
        <field name="Reference">SW</field>
        <field name="Value">SW_Push</field>
      </fields>
      <pins>
        <pin num="1" name="1" type="passive"/>
        <pin num="2" name="2" type="passive"/>
      </pins>
    </libpart>
    <libpart lib="Transistor_FET" part="BSP129">
      <description>0.35A Id, 240V Vds, N-Channel MOSFET, SOT-223</description>
      <docs>https://www.infineon.com/dgdl/Infineon-BSP129-DS-v01_42-en.pdf?fileId=db3a30433c1a8752013c1fc296d2395f</docs>
      <footprints>
        <fp>SOT?223*</fp>
      </footprints>
      <fields>
        <field name="Reference">Q</field>
        <field name="Value">BSP129</field>
        <field name="Footprint">Package_TO_SOT_SMD:SOT-223-3_TabPin2</field>
      </fields>
      <pins>
        <pin num="1" name="G" type="input"/>
        <pin num="2" name="D" type="passive"/>
        <pin num="3" name="S" type="passive"/>
      </pins>
    </libpart>
    <libpart lib="eec" part="MPXV5100DP">
      <description>MPXV5100DP</description>
      <docs>https://www.nxp.com/docs/en/data-sheet/MPX5100.pdf</docs>
      <fields>
        <field name="Reference">U</field>
        <field name="Value">MPXV5100DP</field>
        <field name="Footprint">Freescale_Semiconductor-SOT1693-1-03_2016-B-*</field>
        <field name="Datasheet">https://www.nxp.com/docs/en/data-sheet/MPX5100.pdf</field>
        <field name="accuracy">2.5%</field>
        <field name="ambient temperature range high">+125°C</field>
        <field name="ambient temperature range low">-40°C</field>
        <field name="automotive">No</field>
        <field name="category">IC</field>
        <field name="device class L1">Sensors</field>
        <field name="device class L2">Pressure Sensors</field>
        <field name="device class L3">unset</field>
        <field name="digikey description">PRESSURE SENSOR GAUGE DUAL 8-SOP</field>
        <field name="digikey part number">MPXV5100DP-ND</field>
        <field name="footprint url">https://www.nxp.com/docs/en/package-information/98ASA99255D.pdf</field>
        <field name="height">0.39inch</field>
        <field name="lead free">Yes</field>
        <field name="library id">d24c65771a9ed87d</field>
        <field name="manufacturer">Freescale Semiconductor</field>
        <field name="max pressure">14.5PSI</field>
        <field name="max supply voltage">5.25V</field>
        <field name="min supply voltage">4.75V</field>
        <field name="mouser description">Board Mount Pressure / Force Sensors SOP DUAL PORT&#xD;\n</field>
        <field name="mouser part number">841-MPXV5100DP</field>
        <field name="operating supply current">7mA</field>
        <field name="package">SOP8</field>
        <field name="port style">Barbed</field>
        <field name="response time">1ms</field>
        <field name="rohs">Yes</field>
        <field name="sensor output">Analog Voltage</field>
        <field name="standoff height">0.002inch</field>
        <field name="temperature range high">+125°C</field>
        <field name="temperature range low">-40°C</field>
      </fields>
      <pins>
        <pin num="1" name="NC" type="passive"/>
        <pin num="2" name="VS" type="power_in"/>
        <pin num="3" name="GND" type="power_in"/>
        <pin num="4" name="VOUT" type="passive"/>
        <pin num="5" name="NC" type="passive"/>
        <pin num="6" name="NC" type="passive"/>
        <pin num="7" name="NC" type="passive"/>
        <pin num="8" name="NC" type="passive"/>
      </pins>
    </libpart>
  </libparts>
  <libraries>
    <library logical="Amplifier_Operational">
      <uri>C:\Program Files\KiCad\share\kicad\library/Amplifier_Operational.lib</uri>
    </library>
    <library logical="Connector">
      <uri>C:\Program Files\KiCad\share\kicad\library/Connector.lib</uri>
    </library>
    <library logical="Device">
      <uri>C:\Program Files\KiCad\share\kicad\library/Device.lib</uri>
    </library>
    <library logical="Interface_USB">
      <uri>C:\Program Files\KiCad\share\kicad\library/Interface_USB.lib</uri>
    </library>
    <library logical="LED">
      <uri>C:\Program Files\KiCad\share\kicad\library/LED.lib</uri>
    </library>
    <library logical="RF_Module">
      <uri>C:\Program Files\KiCad\share\kicad\library/RF_Module.lib</uri>
    </library>
    <library logical="Regulator_Linear">
      <uri>C:\Program Files\KiCad\share\kicad\library/Regulator_Linear.lib</uri>
    </library>
    <library logical="Switch">
      <uri>C:\Program Files\KiCad\share\kicad\library/Switch.lib</uri>
    </library>
    <library logical="Transistor_FET">
      <uri>C:\Program Files\KiCad\share\kicad\library/Transistor_FET.lib</uri>
    </library>
    <library logical="eec">
      <uri>C:/Users/Matthias/Documents/KiCad/Libraries/IC_Freescale Semiconductor_MPXV5100DP/eec.lib</uri>
    </library>
  </libraries>
  <nets>
    <net code="1" name="Net-(U1-Pad5)">
      <node ref="U1" pin="5"/>
    </net>
    <net code="2" name="Net-(U1-Pad8)">
      <node ref="U1" pin="8"/>
    </net>
    <net code="3" name="Net-(U1-Pad7)">
      <node ref="U1" pin="7"/>
    </net>
    <net code="4" name="Net-(U1-Pad6)">
      <node ref="U1" pin="6"/>
    </net>
    <net code="5" name="GND">
      <node ref="SW2" pin="C"/>
      <node ref="SW2" pin="S2"/>
      <node ref="C7" pin="2"/>
      <node ref="R2" pin="1"/>
      <node ref="C4" pin="2"/>
      <node ref="J1" pin="2"/>
      <node ref="C34" pin="2"/>
      <node ref="C35" pin="2"/>
      <node ref="RV1" pin="1"/>
      <node ref="U4" pin="5"/>
      <node ref="U3" pin="2"/>
      <node ref="C2" pin="2"/>
      <node ref="C6" pin="2"/>
      <node ref="SW4" pin="2"/>
      <node ref="U5" pin="15"/>
      <node ref="U5" pin="1"/>
      <node ref="SW3" pin="8"/>
      <node ref="SW3" pin="7"/>
      <node ref="SW3" pin="5"/>
      <node ref="SW3" pin="6"/>
      <node ref="SW1" pin="1"/>
      <node ref="U2" pin="2"/>
      <node ref="C19" pin="1"/>
      <node ref="C25" pin="1"/>
      <node ref="C24" pin="1"/>
      <node ref="C22" pin="1"/>
      <node ref="C23" pin="1"/>
      <node ref="U5" pin="38"/>
      <node ref="U5" pin="39"/>
      <node ref="C21" pin="1"/>
      <node ref="C26" pin="1"/>
      <node ref="C20" pin="1"/>
      <node ref="C18" pin="1"/>
      <node ref="C17" pin="1"/>
      <node ref="C16" pin="1"/>
      <node ref="C15" pin="1"/>
      <node ref="D1" pin="3"/>
      <node ref="D5" pin="3"/>
      <node ref="D3" pin="3"/>
      <node ref="D22" pin="3"/>
      <node ref="D24" pin="3"/>
      <node ref="D23" pin="3"/>
      <node ref="D19" pin="3"/>
      <node ref="D17" pin="3"/>
      <node ref="D15" pin="3"/>
      <node ref="C10" pin="1"/>
      <node ref="C3" pin="2"/>
      <node ref="C13" pin="1"/>
      <node ref="U1" pin="3"/>
      <node ref="C12" pin="1"/>
      <node ref="C11" pin="1"/>
      <node ref="D4" pin="3"/>
      <node ref="D2" pin="3"/>
      <node ref="C1" pin="2"/>
      <node ref="D6" pin="3"/>
      <node ref="D8" pin="3"/>
      <node ref="Q1" pin="3"/>
      <node ref="D21" pin="3"/>
      <node ref="C33" pin="1"/>
      <node ref="C32" pin="1"/>
      <node ref="C14" pin="1"/>
      <node ref="C31" pin="1"/>
      <node ref="C30" pin="1"/>
      <node ref="C29" pin="1"/>
      <node ref="C28" pin="1"/>
      <node ref="C27" pin="1"/>
      <node ref="D10" pin="3"/>
      <node ref="D12" pin="3"/>
      <node ref="D14" pin="3"/>
      <node ref="D16" pin="3"/>
      <node ref="D18" pin="3"/>
      <node ref="D20" pin="3"/>
      <node ref="C5" pin="2"/>
      <node ref="D9" pin="3"/>
      <node ref="C9" pin="2"/>
      <node ref="D13" pin="3"/>
      <node ref="D11" pin="3"/>
      <node ref="C8" pin="2"/>
      <node ref="D7" pin="3"/>
      <node ref="J3" pin="6"/>
      <node ref="U6" pin="1"/>
      <node ref="J3" pin="5"/>
    </net>
    <net code="6" name="Net-(U1-Pad1)">
      <node ref="U1" pin="1"/>
    </net>
    <net code="7" name="Net-(R1-Pad1)">
      <node ref="U1" pin="4"/>
      <node ref="R1" pin="1"/>
    </net>
    <net code="8" name="+3V3">
      <node ref="C3" pin="1"/>
      <node ref="U3" pin="3"/>
      <node ref="R5" pin="1"/>
      <node ref="R6" pin="2"/>
      <node ref="R4" pin="2"/>
      <node ref="C34" pin="1"/>
      <node ref="C35" pin="1"/>
      <node ref="C7" pin="1"/>
      <node ref="U6" pin="16"/>
      <node ref="U6" pin="4"/>
      <node ref="C1" pin="1"/>
      <node ref="U4" pin="2"/>
      <node ref="U5" pin="2"/>
      <node ref="U1" pin="2"/>
    </net>
    <net code="9" name="+12V">
      <node ref="U2" pin="1"/>
      <node ref="C5" pin="1"/>
      <node ref="J2" pin="T"/>
      <node ref="U3" pin="1"/>
      <node ref="C2" pin="1"/>
      <node ref="J1" pin="1"/>
    </net>
    <net code="10" name="Net-(J2-PadR1)">
      <node ref="J2" pin="R2"/>
      <node ref="J2" pin="S"/>
      <node ref="J2" pin="R1"/>
      <node ref="Q1" pin="2"/>
    </net>
    <net code="11" name="Net-(Q1-Pad1)">
      <node ref="R3" pin="2"/>
      <node ref="Q1" pin="1"/>
    </net>
    <net code="12" name="Net-(U5-Pad31)">
      <node ref="U5" pin="31"/>
    </net>
    <net code="13" name="Net-(SW3-Pad4)">
      <node ref="U5" pin="7"/>
      <node ref="SW3" pin="4"/>
    </net>
    <net code="14" name="Net-(SW3-Pad3)">
      <node ref="SW3" pin="3"/>
      <node ref="U5" pin="6"/>
    </net>
    <net code="15" name="Net-(U5-Pad5)">
      <node ref="U5" pin="5"/>
    </net>
    <net code="16" name="Net-(U5-Pad4)">
      <node ref="U5" pin="4"/>
    </net>
    <net code="17" name="Net-(U5-Pad37)">
      <node ref="U5" pin="37"/>
    </net>
    <net code="18" name="Net-(U5-Pad36)">
      <node ref="U5" pin="36"/>
    </net>
    <net code="19" name="/TX_ESP">
      <node ref="U5" pin="35"/>
      <node ref="U6" pin="3"/>
    </net>
    <net code="20" name="/RX_ESP">
      <node ref="U6" pin="2"/>
      <node ref="U5" pin="34"/>
    </net>
    <net code="21" name="Net-(U5-Pad33)">
      <node ref="U5" pin="33"/>
    </net>
    <net code="22" name="Net-(U5-Pad32)">
      <node ref="U5" pin="32"/>
    </net>
    <net code="23" name="Net-(SW3-Pad1)">
      <node ref="SW3" pin="1"/>
      <node ref="U5" pin="8"/>
    </net>
    <net code="24" name="Net-(U5-Pad30)">
      <node ref="U5" pin="30"/>
    </net>
    <net code="25" name="Net-(U5-Pad29)">
      <node ref="U5" pin="29"/>
    </net>
    <net code="26" name="Net-(U5-Pad26)">
      <node ref="U5" pin="26"/>
    </net>
    <net code="27" name="Net-(U5-Pad24)">
      <node ref="U5" pin="24"/>
    </net>
    <net code="28" name="Net-(U5-Pad22)">
      <node ref="U5" pin="22"/>
    </net>
    <net code="29" name="Net-(U5-Pad21)">
      <node ref="U5" pin="21"/>
    </net>
    <net code="30" name="/PRESSURE">
      <node ref="U5" pin="14"/>
      <node ref="U4" pin="1"/>
      <node ref="RV1" pin="3"/>
    </net>
    <net code="31" name="Net-(SW3-Pad2)">
      <node ref="SW3" pin="2"/>
      <node ref="U5" pin="9"/>
    </net>
    <net code="32" name="Net-(J3-Pad3)">
      <node ref="U6" pin="5"/>
      <node ref="J3" pin="3"/>
    </net>
    <net code="33" name="Net-(J3-Pad2)">
      <node ref="J3" pin="2"/>
      <node ref="U6" pin="6"/>
    </net>
    <net code="34" name="Net-(J3-Pad4)">
      <node ref="J3" pin="4"/>
    </net>
    <net code="35" name="Net-(J3-Pad1)">
      <node ref="J3" pin="1"/>
    </net>
    <net code="36" name="Net-(U6-Pad8)">
      <node ref="U6" pin="8"/>
    </net>
    <net code="37" name="Net-(R6-Pad1)">
      <node ref="R6" pin="1"/>
      <node ref="U6" pin="7"/>
    </net>
    <net code="38" name="Net-(U6-Pad9)">
      <node ref="U6" pin="9"/>
    </net>
    <net code="39" name="Net-(U6-Pad15)">
      <node ref="U6" pin="15"/>
    </net>
    <net code="40" name="Net-(U6-Pad14)">
      <node ref="U6" pin="14"/>
    </net>
    <net code="41" name="Net-(U6-Pad13)">
      <node ref="U6" pin="13"/>
    </net>
    <net code="42" name="Net-(U6-Pad12)">
      <node ref="U6" pin="12"/>
    </net>
    <net code="43" name="Net-(U6-Pad11)">
      <node ref="U6" pin="11"/>
    </net>
    <net code="44" name="Net-(U6-Pad10)">
      <node ref="U6" pin="10"/>
    </net>
    <net code="45" name="/Motor">
      <node ref="U5" pin="28"/>
      <node ref="R3" pin="1"/>
      <node ref="R2" pin="2"/>
    </net>
    <net code="46" name="/LEDS/Data-Out">
      <node ref="D24" pin="2"/>
    </net>
    <net code="47" name="/IO0">
      <node ref="SW4" pin="1"/>
      <node ref="U5" pin="25"/>
    </net>
    <net code="48" name="/EN">
      <node ref="SW1" pin="2"/>
      <node ref="R4" pin="1"/>
      <node ref="U5" pin="3"/>
    </net>
    <net code="49" name="Net-(RV1-Pad2)">
      <node ref="U4" pin="4"/>
      <node ref="RV1" pin="2"/>
    </net>
    <net code="50" name="/ENC_B">
      <node ref="C9" pin="1"/>
      <node ref="SW2" pin="B"/>
      <node ref="U5" pin="23"/>
    </net>
    <net code="51" name="/ENC_A">
      <node ref="SW2" pin="A"/>
      <node ref="C8" pin="1"/>
      <node ref="U5" pin="13"/>
    </net>
    <net code="52" name="+5V">
      <node ref="D24" pin="1"/>
      <node ref="D1" pin="1"/>
      <node ref="D3" pin="1"/>
      <node ref="C10" pin="2"/>
      <node ref="D17" pin="1"/>
      <node ref="D19" pin="1"/>
      <node ref="D22" pin="1"/>
      <node ref="D23" pin="1"/>
      <node ref="D5" pin="1"/>
      <node ref="D7" pin="1"/>
      <node ref="D9" pin="1"/>
      <node ref="D11" pin="1"/>
      <node ref="D13" pin="1"/>
      <node ref="D15" pin="1"/>
      <node ref="D16" pin="1"/>
      <node ref="C33" pin="2"/>
      <node ref="C32" pin="2"/>
      <node ref="C30" pin="2"/>
      <node ref="C29" pin="2"/>
      <node ref="C28" pin="2"/>
      <node ref="C27" pin="2"/>
      <node ref="C26" pin="2"/>
      <node ref="D10" pin="1"/>
      <node ref="D12" pin="1"/>
      <node ref="D14" pin="1"/>
      <node ref="D21" pin="1"/>
      <node ref="D18" pin="1"/>
      <node ref="C13" pin="2"/>
      <node ref="C12" pin="2"/>
      <node ref="C11" pin="2"/>
      <node ref="D2" pin="1"/>
      <node ref="D4" pin="1"/>
      <node ref="D6" pin="1"/>
      <node ref="D8" pin="1"/>
      <node ref="C19" pin="2"/>
      <node ref="D20" pin="1"/>
      <node ref="C25" pin="2"/>
      <node ref="C24" pin="2"/>
      <node ref="U2" pin="3"/>
      <node ref="C22" pin="2"/>
      <node ref="C23" pin="2"/>
      <node ref="C21" pin="2"/>
      <node ref="C20" pin="2"/>
      <node ref="C18" pin="2"/>
      <node ref="C17" pin="2"/>
      <node ref="C16" pin="2"/>
      <node ref="C15" pin="2"/>
      <node ref="C14" pin="2"/>
      <node ref="C31" pin="2"/>
      <node ref="C4" pin="1"/>
    </net>
    <net code="53" name="Net-(U5-Pad20)">
      <node ref="U5" pin="20"/>
    </net>
    <net code="54" name="Net-(C6-Pad1)">
      <node ref="R1" pin="2"/>
      <node ref="C6" pin="1"/>
      <node ref="U4" pin="3"/>
    </net>
    <net code="55" name="Net-(U5-Pad19)">
      <node ref="U5" pin="19"/>
    </net>
    <net code="56" name="Net-(U5-Pad18)">
      <node ref="U5" pin="18"/>
    </net>
    <net code="57" name="Net-(U5-Pad17)">
      <node ref="U5" pin="17"/>
    </net>
    <net code="58" name="Net-(U5-Pad12)">
      <node ref="U5" pin="12"/>
    </net>
    <net code="59" name="Net-(U5-Pad11)">
      <node ref="U5" pin="11"/>
    </net>
    <net code="60" name="Net-(U5-Pad10)">
      <node ref="U5" pin="10"/>
    </net>
    <net code="61" name="/LED">
      <node ref="D1" pin="4"/>
      <node ref="U5" pin="27"/>
    </net>
    <net code="62" name="/ENC_SW">
      <node ref="R5" pin="2"/>
      <node ref="SW2" pin="S1"/>
      <node ref="U5" pin="16"/>
    </net>
    <net code="63" name="Net-(D11-Pad4)">
      <node ref="D11" pin="4"/>
      <node ref="D9" pin="2"/>
    </net>
    <net code="64" name="Net-(D11-Pad2)">
      <node ref="D11" pin="2"/>
      <node ref="D13" pin="4"/>
    </net>
    <net code="65" name="Net-(D7-Pad2)">
      <node ref="D9" pin="4"/>
      <node ref="D7" pin="2"/>
    </net>
    <net code="66" name="Net-(D5-Pad2)">
      <node ref="D7" pin="4"/>
      <node ref="D5" pin="2"/>
    </net>
    <net code="67" name="Net-(D1-Pad2)">
      <node ref="D3" pin="4"/>
      <node ref="D1" pin="2"/>
    </net>
    <net code="68" name="Net-(D20-Pad2)">
      <node ref="D20" pin="2"/>
      <node ref="D22" pin="4"/>
    </net>
    <net code="69" name="Net-(D22-Pad2)">
      <node ref="D22" pin="2"/>
      <node ref="D24" pin="4"/>
    </net>
    <net code="70" name="Net-(D3-Pad2)">
      <node ref="D3" pin="2"/>
      <node ref="D5" pin="4"/>
    </net>
    <net code="71" name="Net-(D19-Pad2)">
      <node ref="D19" pin="2"/>
      <node ref="D21" pin="4"/>
    </net>
    <net code="72" name="Net-(D15-Pad2)">
      <node ref="D15" pin="2"/>
      <node ref="D17" pin="4"/>
    </net>
    <net code="73" name="Net-(D17-Pad2)">
      <node ref="D19" pin="4"/>
      <node ref="D17" pin="2"/>
    </net>
    <net code="74" name="Net-(D13-Pad2)">
      <node ref="D15" pin="4"/>
      <node ref="D13" pin="2"/>
    </net>
    <net code="75" name="Net-(D16-Pad2)">
      <node ref="D18" pin="4"/>
      <node ref="D16" pin="2"/>
    </net>
    <net code="76" name="Net-(D14-Pad2)">
      <node ref="D16" pin="4"/>
      <node ref="D14" pin="2"/>
    </net>
    <net code="77" name="Net-(D12-Pad2)">
      <node ref="D14" pin="4"/>
      <node ref="D12" pin="2"/>
    </net>
    <net code="78" name="Net-(D10-Pad2)">
      <node ref="D10" pin="2"/>
      <node ref="D12" pin="4"/>
    </net>
    <net code="79" name="Net-(D10-Pad4)">
      <node ref="D8" pin="2"/>
      <node ref="D10" pin="4"/>
    </net>
    <net code="80" name="Net-(D6-Pad2)">
      <node ref="D6" pin="2"/>
      <node ref="D8" pin="4"/>
    </net>
    <net code="81" name="Net-(D4-Pad2)">
      <node ref="D6" pin="4"/>
      <node ref="D4" pin="2"/>
    </net>
    <net code="82" name="Net-(D2-Pad2)">
      <node ref="D2" pin="2"/>
      <node ref="D4" pin="4"/>
    </net>
    <net code="83" name="Net-(D18-Pad2)">
      <node ref="D20" pin="4"/>
      <node ref="D18" pin="2"/>
    </net>
    <net code="84" name="Net-(D2-Pad4)">
      <node ref="D2" pin="4"/>
      <node ref="D23" pin="2"/>
    </net>
    <net code="85" name="Net-(D21-Pad2)">
      <node ref="D23" pin="4"/>
      <node ref="D21" pin="2"/>
    </net>
  </nets>
</export>
